IMIĘ_PIERWSZE,PŁEĆ,LICZBA_WYSTĄPIEŃ
NIKODEM,MĘŻCZYZNA,6532
ANTONI,MĘŻCZYZNA,5663
JAN,MĘŻCZYZNA,5638
ALEKSANDER,MĘŻCZYZNA,5625
FRANCISZEK,MĘŻCZYZNA,4965
LEON,MĘŻCZYZNA,4916
JAKUB,MĘŻCZYZNA,4474
IGNACY,MĘŻCZYZNA,4166
MIKOŁAJ,MĘŻCZYZNA,4081
STANISŁAW,MĘŻCZYZNA,3874
FILIP,MĘŻCZYZNA,3506
SZYMON,MĘŻCZYZNA,3269
WOJCIECH,MĘŻCZYZNA,3078
ADAM,MĘŻCZYZNA,2889
TYMON,MĘŻCZYZNA,2782
MARCEL,MĘŻCZYZNA,2759
KACPER,MĘŻCZYZNA,2684
MAKSYMILIAN,MĘŻCZYZNA,2655
OLIWIER,MĘŻCZYZNA,2578
WIKTOR,MĘŻCZYZNA,2347
MICHAŁ,MĘŻCZYZNA,2183
IGOR,MĘŻCZYZNA,1899
JULIAN,MĘŻCZYZNA,1855
MIŁOSZ,MĘŻCZYZNA,1855
TYMOTEUSZ,MĘŻCZYZNA,1724
GABRIEL,MĘŻCZYZNA,1724
OSKAR,MĘŻCZYZNA,1683
PIOTR,MĘŻCZYZNA,1630
DAWID,MĘŻCZYZNA,1276
BRUNO,MĘŻCZYZNA,1186
HUBERT,MĘŻCZYZNA,1159
KRZYSZTOF,MĘŻCZYZNA,1069
NATAN,MĘŻCZYZNA,1065
BARTOSZ,MĘŻCZYZNA,1053
DOMINIK,MĘŻCZYZNA,1022
MATEUSZ,MĘŻCZYZNA,900
CEZARY,MĘŻCZYZNA,886
HENRYK,MĘŻCZYZNA,880
ALAN,MĘŻCZYZNA,869
KAROL,MĘŻCZYZNA,866
TADEUSZ,MĘŻCZYZNA,861
FABIAN,MĘŻCZYZNA,837
TOMASZ,MĘŻCZYZNA,830
MACIEJ,MĘŻCZYZNA,783
TEODOR,MĘŻCZYZNA,761
KSAWERY,MĘŻCZYZNA,752
MILAN,MĘŻCZYZNA,733
ARTUR,MĘŻCZYZNA,722
LEO,MĘŻCZYZNA,669
PAWEŁ,MĘŻCZYZNA,640
DANIEL,MĘŻCZYZNA,630
KAZIMIERZ,MĘŻCZYZNA,588
KUBA,MĘŻCZYZNA,576
WITOLD,MĘŻCZYZNA,570
MARK,MĘŻCZYZNA,568
JÓZEF,MĘŻCZYZNA,566
KAJETAN,MĘŻCZYZNA,564
BORYS,MĘŻCZYZNA,532
BARTŁOMIEJ,MĘŻCZYZNA,530
KAMIL,MĘŻCZYZNA,517
STEFAN,MĘŻCZYZNA,483
KORNEL,MĘŻCZYZNA,456
LEONARD,MĘŻCZYZNA,439
OLAF,MĘŻCZYZNA,434
MIESZKO,MĘŻCZYZNA,416
ERYK,MĘŻCZYZNA,413
PATRYK,MĘŻCZYZNA,410
EMIL,MĘŻCZYZNA,410
GUSTAW,MĘŻCZYZNA,397
FELIKS,MĘŻCZYZNA,388
GRZEGORZ,MĘŻCZYZNA,378
ADRIAN,MĘŻCZYZNA,364
MAKSYM,MĘŻCZYZNA,354
KONSTANTY,MĘŻCZYZNA,352
TOBIASZ,MĘŻCZYZNA,350
RYSZARD,MĘŻCZYZNA,338
KRYSTIAN,MĘŻCZYZNA,325
SEBASTIAN,MĘŻCZYZNA,325
JERZY,MĘŻCZYZNA,320
FLORIAN,MĘŻCZYZNA,302
ROBERT,MĘŻCZYZNA,299
DAVID,MĘŻCZYZNA,285
ALEX,MĘŻCZYZNA,264
DAMIAN,MĘŻCZYZNA,262
REMIGIUSZ,MĘŻCZYZNA,260
OLIVIER,MĘŻCZYZNA,252
MARCIN,MĘŻCZYZNA,244
ARTEM,MĘŻCZYZNA,244
NATANIEL,MĘŻCZYZNA,231
RAFAŁ,MĘŻCZYZNA,229
LIAM,MĘŻCZYZNA,227
ŁUKASZ,MĘŻCZYZNA,225
ALEKS,MĘŻCZYZNA,209
JULIUSZ,MĘŻCZYZNA,209
IWO,MĘŻCZYZNA,204
MATVII,MĘŻCZYZNA,202
JEREMI,MĘŻCZYZNA,201
BŁAŻEJ,MĘŻCZYZNA,196
KONRAD,MĘŻCZYZNA,193
LUCJAN,MĘŻCZYZNA,191
RADOSŁAW,MĘŻCZYZNA,191
ALEXANDER,MĘŻCZYZNA,190
PRZEMYSŁAW,MĘŻCZYZNA,188
SAMUEL,MĘŻCZYZNA,180
BENIAMIN,MĘŻCZYZNA,170
OLEKSANDR,MĘŻCZYZNA,168
ROMAN,MĘŻCZYZNA,164
MAURYCY,MĘŻCZYZNA,152
KORDIAN,MĘŻCZYZNA,150
DORIAN,MĘŻCZYZNA,149
ANDRZEJ,MĘŻCZYZNA,149
MAREK,MĘŻCZYZNA,149
HUGO,MĘŻCZYZNA,147
ALBERT,MĘŻCZYZNA,146
TYMOFII,MĘŻCZYZNA,146
EDWARD,MĘŻCZYZNA,139
GRACJAN,MĘŻCZYZNA,134
WINCENTY,MĘŻCZYZNA,134
OLIVER,MĘŻCZYZNA,132
BOGDAN,MĘŻCZYZNA,128
LUDWIK,MĘŻCZYZNA,128
ALEKSY,MĘŻCZYZNA,122
JĘDRZEJ,MĘŻCZYZNA,119
DAMIR,MĘŻCZYZNA,117
SEWERYN,MĘŻCZYZNA,115
VLADYSLAV,MĘŻCZYZNA,114
MAKS,MĘŻCZYZNA,113
VINCENT,MĘŻCZYZNA,111
ERNEST,MĘŻCZYZNA,110
ARKADIUSZ,MĘŻCZYZNA,108
BRAJAN,MĘŻCZYZNA,106
MAKAR,MĘŻCZYZNA,106
FRYDERYK,MĘŻCZYZNA,106
WŁADYSŁAW,MĘŻCZYZNA,104
JEREMIASZ,MĘŻCZYZNA,104
DANYLO,MĘŻCZYZNA,103
JACEK,MĘŻCZYZNA,102
NAZAR,MĘŻCZYZNA,96
ARON,MĘŻCZYZNA,91
DAVYD,MĘŻCZYZNA,89
MIRON,MĘŻCZYZNA,88
MYKHAILO,MĘŻCZYZNA,88
DENIS,MĘŻCZYZNA,87
DMYTRO,MĘŻCZYZNA,85
TIMUR,MĘŻCZYZNA,84
WINCENT,MĘŻCZYZNA,83
CYPRIAN,MĘŻCZYZNA,81
MAX,MĘŻCZYZNA,81
BERNARD,MĘŻCZYZNA,77
YAROSLAV,MĘŻCZYZNA,71
DARIUSZ,MĘŻCZYZNA,70
MAXIMILIAN,MĘŻCZYZNA,70
NIKITA,MĘŻCZYZNA,70
BOHDAN,MĘŻCZYZNA,70
SZCZEPAN,MĘŻCZYZNA,68
TEO,MĘŻCZYZNA,68
OLGIERD,MĘŻCZYZNA,68
ANDRII,MĘŻCZYZNA,66
IVAN,MĘŻCZYZNA,65
EMILIAN,MĘŻCZYZNA,65
TYTUS,MĘŻCZYZNA,64
MARKO,MĘŻCZYZNA,64
LUKA,MĘŻCZYZNA,64
NORBERT,MĘŻCZYZNA,63
JOACHIM,MĘŻCZYZNA,63
OREST,MĘŻCZYZNA,60
DANIIL,MĘŻCZYZNA,59
DEMIAN,MĘŻCZYZNA,58
BENJAMIN,MĘŻCZYZNA,56
LEONARDO,MĘŻCZYZNA,56
AMADEUSZ,MĘŻCZYZNA,55
LEV,MĘŻCZYZNA,54
NIKOLAS,MĘŻCZYZNA,54
ZBIGNIEW,MĘŻCZYZNA,53
VIKTOR,MĘŻCZYZNA,52
OLIWER,MĘŻCZYZNA,51
LEOPOLD,MĘŻCZYZNA,51
MARCELI,MĘŻCZYZNA,50
LEW,MĘŻCZYZNA,49
MARTIN,MĘŻCZYZNA,49
NOAH,MĘŻCZYZNA,49
KEVIN,MĘŻCZYZNA,47
ZACHARY,MĘŻCZYZNA,47
THEO,MĘŻCZYZNA,46
MIROSŁAW,MĘŻCZYZNA,46
NATHAN,MĘŻCZYZNA,46
KOSMA,MĘŻCZYZNA,46
EDMUND,MĘŻCZYZNA,45
MARIUSZ,MĘŻCZYZNA,45
MATVIY,MĘŻCZYZNA,45
ARSEN,MĘŻCZYZNA,45
ZAKHAR,MĘŻCZYZNA,44
SYLWESTER,MĘŻCZYZNA,44
OSCAR,MĘŻCZYZNA,44
OLEK,MĘŻCZYZNA,43
FELIX,MĘŻCZYZNA,43
OKTAWIAN,MĘŻCZYZNA,43
SVIATOSLAV,MĘŻCZYZNA,43
MICHAEL,MĘŻCZYZNA,42
ILLIA,MĘŻCZYZNA,42
BRUNON,MĘŻCZYZNA,41
BOLESŁAW,MĘŻCZYZNA,41
GNIEWKO,MĘŻCZYZNA,41
ZIEMOWIT,MĘŻCZYZNA,41
JONASZ,MĘŻCZYZNA,40
MAKSIM,MĘŻCZYZNA,40
BOGUMIŁ,MĘŻCZYZNA,40
JAROSŁAW,MĘŻCZYZNA,39
ANTONIO,MĘŻCZYZNA,38
FRANEK,MĘŻCZYZNA,37
FELICJAN,MĘŻCZYZNA,37
VICTOR,MĘŻCZYZNA,37
KASPIAN,MĘŻCZYZNA,37
NOE,MĘŻCZYZNA,36
ELIASZ,MĘŻCZYZNA,35
NICOLAS,MĘŻCZYZNA,35
DENYS,MĘŻCZYZNA,34
MYROSLAV,MĘŻCZYZNA,34
KSAWIER,MĘŻCZYZNA,34
JONATAN,MĘŻCZYZNA,34
LESZEK,MĘŻCZYZNA,34
KLEMENS,MĘŻCZYZNA,34
DANYIL,MĘŻCZYZNA,33
THOMAS,MĘŻCZYZNA,33
VOLODYMYR,MĘŻCZYZNA,32
KAI,MĘŻCZYZNA,32
KORNELIUSZ,MĘŻCZYZNA,32
NOEL,MĘŻCZYZNA,31
CZESŁAW,MĘŻCZYZNA,31
KASJAN,MĘŻCZYZNA,30
STANISLAV,MĘŻCZYZNA,30
MYRON,MĘŻCZYZNA,30
HENRY,MĘŻCZYZNA,30
PLATON,MĘŻCZYZNA,30
BENEDYKT,MĘŻCZYZNA,30
MARIAN,MĘŻCZYZNA,29
MYKOLA,MĘŻCZYZNA,29
GNIEWOMIR,MĘŻCZYZNA,29
EMANUEL,MĘŻCZYZNA,28
BRONISŁAW,MĘŻCZYZNA,28
IVO,MĘŻCZYZNA,28
KIRILL,MĘŻCZYZNA,27
OSTAP,MĘŻCZYZNA,27
ROCH,MĘŻCZYZNA,27
YAN,MĘŻCZYZNA,27
OLEKSII,MĘŻCZYZNA,27
BOGUSŁAW,MĘŻCZYZNA,26
WIT,MĘŻCZYZNA,26
NIKO,MĘŻCZYZNA,26
AARON,MĘŻCZYZNA,26
LUCA,MĘŻCZYZNA,25
HEKTOR,MĘŻCZYZNA,25
SŁAWOMIR,MĘŻCZYZNA,24
AUGUSTYN,MĘŻCZYZNA,24
JACOB,MĘŻCZYZNA,24
WILLIAM,MĘŻCZYZNA,23
AUGUST,MĘŻCZYZNA,23
ALEK,MĘŻCZYZNA,23
YEHOR,MĘŻCZYZNA,23
PAVLO,MĘŻCZYZNA,23
ZACHARIASZ,MĘŻCZYZNA,22
XAVIER,MĘŻCZYZNA,22
ZYGMUNT,MĘŻCZYZNA,22
GERARD,MĘŻCZYZNA,21
DANIL,MĘŻCZYZNA,21
BASTIAN,MĘŻCZYZNA,21
TYMUR,MĘŻCZYZNA,21
KYRYLO,MĘŻCZYZNA,20
KRZESIMIR,MĘŻCZYZNA,20
ANTHONY,MĘŻCZYZNA,19
STANISLAW,MĘŻCZYZNA,19
MIECZYSŁAW,MĘŻCZYZNA,19
LUKAS,MĘŻCZYZNA,19
ALEKSANDR,MĘŻCZYZNA,19
AMIR,MĘŻCZYZNA,19
MIKHAIL,MĘŻCZYZNA,19
YURII,MĘŻCZYZNA,18
COLIN,MĘŻCZYZNA,18
SERGIUSZ,MĘŻCZYZNA,18
MAXIM,MĘŻCZYZNA,18
MATEO,MĘŻCZYZNA,18
YEVHEN,MĘŻCZYZNA,18
MAXYMILIAN,MĘŻCZYZNA,18
ERIK,MĘŻCZYZNA,18
RUSLAN,MĘŻCZYZNA,18
AURELIUSZ,MĘŻCZYZNA,18
ELDAR,MĘŻCZYZNA,18
KAJ,MĘŻCZYZNA,18
ARTHUR,MĘŻCZYZNA,17
KRISTIAN,MĘŻCZYZNA,17
KONSTANTYN,MĘŻCZYZNA,17
MARKUS,MĘŻCZYZNA,17
PAVEL,MĘŻCZYZNA,17
VLADISLAV,MĘŻCZYZNA,17
THEODORE,MĘŻCZYZNA,17
ZACHAR,MĘŻCZYZNA,17
ALI,MĘŻCZYZNA,16
TIMOFEY,MĘŻCZYZNA,16
TYMOFIY,MĘŻCZYZNA,16
ANTON,MĘŻCZYZNA,16
LUIS,MĘŻCZYZNA,16
ETHAN,MĘŻCZYZNA,15
RAYAN,MĘŻCZYZNA,15
BRAYAN,MĘŻCZYZNA,15
MYKYTA,MĘŻCZYZNA,15
KIRIL,MĘŻCZYZNA,15
RAFAEL,MĘŻCZYZNA,15
NATHANIEL,MĘŻCZYZNA,15
LUCAS,MĘŻCZYZNA,15
KOSTIANTYN,MĘŻCZYZNA,15
MILO,MĘŻCZYZNA,15
HIERONIM,MĘŻCZYZNA,15
RAGNAR,MĘŻCZYZNA,14
MUHAMMAD,MĘŻCZYZNA,14
RUBEN,MĘŻCZYZNA,14
KILIAN,MĘŻCZYZNA,14
GNIEWOSZ,MĘŻCZYZNA,14
NICO,MĘŻCZYZNA,14
OLEG,MĘŻCZYZNA,14
ARIEL,MĘŻCZYZNA,14
THEODOR,MĘŻCZYZNA,13
MAKARY,MĘŻCZYZNA,13
ZAHAR,MĘŻCZYZNA,13
IRENEUSZ,MĘŻCZYZNA,13
USTYM,MĘŻCZYZNA,13
MARSEL,MĘŻCZYZNA,13
KASPER,MĘŻCZYZNA,13
LOUIS,MĘŻCZYZNA,13
EMIR,MĘŻCZYZNA,13
TEOFIL,MĘŻCZYZNA,13
MATWIEJ,MĘŻCZYZNA,13
EGOR,MĘŻCZYZNA,13
ELIAS,MĘŻCZYZNA,13
TARAS,MĘŻCZYZNA,12
LECH,MĘŻCZYZNA,12
PHILIP,MĘŻCZYZNA,12
TYMOFIJ,MĘŻCZYZNA,12
OMAR,MĘŻCZYZNA,12
SERHII,MĘŻCZYZNA,12
JANUSZ,MĘŻCZYZNA,12
EDGAR,MĘŻCZYZNA,12
DOBROMIR,MĘŻCZYZNA,12
IWAN,MĘŻCZYZNA,12
RYAN,MĘŻCZYZNA,12
DYLAN,MĘŻCZYZNA,12
MATVEI,MĘŻCZYZNA,12
WŁODZIMIERZ,MĘŻCZYZNA,12
BARTEK,MĘŻCZYZNA,12
KONSTANTIN,MĘŻCZYZNA,12
ROSTYSLAV,MĘŻCZYZNA,12
MATWIJ,MĘŻCZYZNA,12
WALDEMAR,MĘŻCZYZNA,12
JOEL,MĘŻCZYZNA,11
SANTIAGO,MĘŻCZYZNA,11
ENZO,MĘŻCZYZNA,11
LIONEL,MĘŻCZYZNA,11
AMBROŻY,MĘŻCZYZNA,11
MATVEY,MĘŻCZYZNA,11
ILYA,MĘŻCZYZNA,11
MAGNUS,MĘŻCZYZNA,11
FRANK,MĘŻCZYZNA,10
CHRISTIAN,MĘŻCZYZNA,10
JONATHAN,MĘŻCZYZNA,10
LIUBOMYR,MĘŻCZYZNA,10
JAROSLAV,MĘŻCZYZNA,10
TIMOFEI,MĘŻCZYZNA,10
IAN,MĘŻCZYZNA,10
AXEL,MĘŻCZYZNA,10
GUSTAV,MĘŻCZYZNA,10
ARSENII,MĘŻCZYZNA,10
GLEB,MĘŻCZYZNA,10
HORDII,MĘŻCZYZNA,10
MATTEO,MĘŻCZYZNA,10
LUKIAN,MĘŻCZYZNA,10
MIKOLAJ,MĘŻCZYZNA,10
EDWIN,MĘŻCZYZNA,10
EUGENIUSZ,MĘŻCZYZNA,10
MARKIIAN,MĘŻCZYZNA,10
ANTEK,MĘŻCZYZNA,10
JEGOR,MĘŻCZYZNA,10
NATANAEL,MĘŻCZYZNA,9
DEMYAN,MĘŻCZYZNA,9
VADYM,MĘŻCZYZNA,9
LOGAN,MĘŻCZYZNA,9
SAMIR,MĘŻCZYZNA,9
ALEXANDRE,MĘŻCZYZNA,9
TIMOTHY,MĘŻCZYZNA,9
NAZARII,MĘŻCZYZNA,9
ARIAN,MĘŻCZYZNA,9
NIL,MĘŻCZYZNA,9
IVAR,MĘŻCZYZNA,9
DIEGO,MĘŻCZYZNA,9
MICHAL,MĘŻCZYZNA,9
ROLAND,MĘŻCZYZNA,9
NOLAN,MĘŻCZYZNA,9
LORENZO,MĘŻCZYZNA,9
RADOMIR,MĘŻCZYZNA,9
WOJTEK,MĘŻCZYZNA,9
ILIA,MĘŻCZYZNA,9
KEWIN,MĘŻCZYZNA,9
TOBIAS,MĘŻCZYZNA,9
KARIM,MĘŻCZYZNA,9
PATRICK,MĘŻCZYZNA,9
VADIM,MĘŻCZYZNA,8
YAKIV,MĘŻCZYZNA,8
HARRY,MĘŻCZYZNA,8
ANATOL,MĘŻCZYZNA,8
IHOR,MĘŻCZYZNA,8
STEPAN,MĘŻCZYZNA,8
FRANCIS,MĘŻCZYZNA,8
ERWIN,MĘŻCZYZNA,8
KLAUDIUSZ,MĘŻCZYZNA,8
SVYATOSLAV,MĘŻCZYZNA,8
LESŁAW,MĘŻCZYZNA,8
YAREMA,MĘŻCZYZNA,8
MATVIJ,MĘŻCZYZNA,8
DOMINIC,MĘŻCZYZNA,8
MANUEL,MĘŻCZYZNA,8
ASLAN,MĘŻCZYZNA,8
LEONID,MĘŻCZYZNA,8
ZDZISŁAW,MĘŻCZYZNA,7
ILIAN,MĘŻCZYZNA,7
MIROSLAV,MĘŻCZYZNA,7
MALIK,MĘŻCZYZNA,7
TYCJAN,MĘŻCZYZNA,7
TADEI,MĘŻCZYZNA,7
DAMYR,MĘŻCZYZNA,7
MURAT,MĘŻCZYZNA,7
YEVHENII,MĘŻCZYZNA,7
ANTONY,MĘŻCZYZNA,7
NICHOLAS,MĘŻCZYZNA,7
DAJAN,MĘŻCZYZNA,7
IBRAHIM,MĘŻCZYZNA,7
ARSENIJ,MĘŻCZYZNA,7
YEGOR,MĘŻCZYZNA,7
CAN,MĘŻCZYZNA,7
EVAN,MĘŻCZYZNA,7
DIONIZY,MĘŻCZYZNA,7
THIAGO,MĘŻCZYZNA,7
BAZYLI,MĘŻCZYZNA,7
IDRIS,MĘŻCZYZNA,7
JAMES,MĘŻCZYZNA,7
CHRISTOPHER,MĘŻCZYZNA,7
FABIO,MĘŻCZYZNA,7
KALEB,MĘŻCZYZNA,7
RADZIMIR,MĘŻCZYZNA,7
ANDREI,MĘŻCZYZNA,7
ARAS,MĘŻCZYZNA,6
ITAN,MĘŻCZYZNA,6
MICHAIL,MĘŻCZYZNA,6
MATTHEW,MĘŻCZYZNA,6
SIMON,MĘŻCZYZNA,6
CHARLIE,MĘŻCZYZNA,6
ELIOT,MĘŻCZYZNA,6
ROMEO,MĘŻCZYZNA,6
VASYL,MĘŻCZYZNA,6
NEO,MĘŻCZYZNA,6
PAUL,MĘŻCZYZNA,6
WINICJUSZ,MĘŻCZYZNA,6
FRANCESCO,MĘŻCZYZNA,6
PASCAL,MĘŻCZYZNA,6
EMMANUEL,MĘŻCZYZNA,6
TIM,MĘŻCZYZNA,6
DAWYD,MĘŻCZYZNA,6
TAMERLAN,MĘŻCZYZNA,6
OLEH,MĘŻCZYZNA,6
RAJMUND,MĘŻCZYZNA,6
VITALII,MĘŻCZYZNA,6
MARCO,MĘŻCZYZNA,6
ELLIOT,MĘŻCZYZNA,6
ZAKARIA,MĘŻCZYZNA,6
JEREMY,MĘŻCZYZNA,6
CARLOS,MĘŻCZYZNA,6
WLADYSLAW,MĘŻCZYZNA,6
SOLOMON,MĘŻCZYZNA,6
HERBERT,MĘŻCZYZNA,6
OLEKSANDER,MĘŻCZYZNA,6
JAKOB,MĘŻCZYZNA,6
ARMIN,MĘŻCZYZNA,6
ZENON,MĘŻCZYZNA,6
MARCUS,MĘŻCZYZNA,6
DANTE,MĘŻCZYZNA,6
VALENTIN,MĘŻCZYZNA,5
WITO,MĘŻCZYZNA,5
JASON,MĘŻCZYZNA,5
TIMOFIEJ,MĘŻCZYZNA,5
HERMAN,MĘŻCZYZNA,5
ILAN,MĘŻCZYZNA,5
JAREMA,MĘŻCZYZNA,5
DANILO,MĘŻCZYZNA,5
PAWEL,MĘŻCZYZNA,5
EVGENII,MĘŻCZYZNA,5
MIRAN,MĘŻCZYZNA,5
MIKITA,MĘŻCZYZNA,5
ERIC,MĘŻCZYZNA,5
DARII,MĘŻCZYZNA,5
ILLYA,MĘŻCZYZNA,5
CYRYL,MĘŻCZYZNA,5
EZRA,MĘŻCZYZNA,5
OTTO,MĘŻCZYZNA,5
DEMIR,MĘŻCZYZNA,5
VALENTINO,MĘŻCZYZNA,5
BRYAN,MĘŻCZYZNA,5
ALEKSANDRE,MĘŻCZYZNA,5
YUSUF,MĘŻCZYZNA,5
GERMAN,MĘŻCZYZNA,5
TYBERIUSZ,MĘŻCZYZNA,5
MAXWELL,MĘŻCZYZNA,5
ARMAN,MĘŻCZYZNA,5
RINAT,MĘŻCZYZNA,5
MAXYM,MĘŻCZYZNA,5
ARCHIE,MĘŻCZYZNA,5
KEMAL,MĘŻCZYZNA,5
PETER,MĘŻCZYZNA,5
LUBOMIR,MĘŻCZYZNA,5
AURELIAN,MĘŻCZYZNA,5
ROBIN,MĘŻCZYZNA,5
PETRO,MĘŻCZYZNA,5
ALOJZY,MĘŻCZYZNA,5
DMITRIJ,MĘŻCZYZNA,5
SAJMON,MĘŻCZYZNA,5
ANTOINE,MĘŻCZYZNA,5
MARKIYAN,MĘŻCZYZNA,5
ISMAIL,MĘŻCZYZNA,5
ANDRIAN,MĘŻCZYZNA,5
ELIJAH,MĘŻCZYZNA,5
SERAFIN,MĘŻCZYZNA,5
JACK,MĘŻCZYZNA,5
JOSHUA,MĘŻCZYZNA,5
MAKARII,MĘŻCZYZNA,5
MOHAMMAD,MĘŻCZYZNA,5
DAVIT,MĘŻCZYZNA,5
LIAN,MĘŻCZYZNA,5
GILBERT,MĘŻCZYZNA,5
JAROSLAW,MĘŻCZYZNA,5
HAMZA,MĘŻCZYZNA,4
HORACY,MĘŻCZYZNA,4
FRANCISCO,MĘŻCZYZNA,4
ARNOLD,MĘŻCZYZNA,4
LARS,MĘŻCZYZNA,4
LEVI,MĘŻCZYZNA,4
ALFRED,MĘŻCZYZNA,4
ARCHIBALD,MĘŻCZYZNA,4
SEVERYN,MĘŻCZYZNA,4
MIKHAILO,MĘŻCZYZNA,4
KIRYL,MĘŻCZYZNA,4
MIKAEL,MĘŻCZYZNA,4
WIESŁAW,MĘŻCZYZNA,4
LIO,MĘŻCZYZNA,4
ISMAEL,MĘŻCZYZNA,4
MIGUEL,MĘŻCZYZNA,4
TIAGO,MĘŻCZYZNA,4
RAPHAËL,MĘŻCZYZNA,4
ROMUALD,MĘŻCZYZNA,4
KIAN,MĘŻCZYZNA,4
SYRIUSZ,MĘŻCZYZNA,4
TADEJ,MĘŻCZYZNA,4
NIKOLAI,MĘŻCZYZNA,4
GIORGI,MĘŻCZYZNA,4
TOM,MĘŻCZYZNA,4
ARTEMIUSZ,MĘŻCZYZNA,4
ALİ,MĘŻCZYZNA,4
BARNABA,MĘŻCZYZNA,4
IZAAK,MĘŻCZYZNA,4
TOMMY,MĘŻCZYZNA,4
ENEJ,MĘŻCZYZNA,4
DEMYD,MĘŻCZYZNA,4
MILOSZ,MĘŻCZYZNA,4
ZAKHARII,MĘŻCZYZNA,4
KYRYL,MĘŻCZYZNA,4
TRISTAN,MĘŻCZYZNA,4
NEIL,MĘŻCZYZNA,4
NICODEM,MĘŻCZYZNA,4
JASPER,MĘŻCZYZNA,4
LÉO,MĘŻCZYZNA,4
NIKOLOZ,MĘŻCZYZNA,4
ANDREY,MĘŻCZYZNA,4
OWEN,MĘŻCZYZNA,4
ARMANDO,MĘŻCZYZNA,4
HEORHII,MĘŻCZYZNA,4
JONAS,MĘŻCZYZNA,4
FINN,MĘŻCZYZNA,4
ATHARV,MĘŻCZYZNA,4
AHMAD,MĘŻCZYZNA,4
MARAT,MĘŻCZYZNA,4
CONAN,MĘŻCZYZNA,4
MATEI,MĘŻCZYZNA,4
OLEKSIY,MĘŻCZYZNA,4
LUCJUSZ,MĘŻCZYZNA,4
DANYYIL,MĘŻCZYZNA,4
LEU,MĘŻCZYZNA,4
YOUSSEF,MĘŻCZYZNA,4
BRIAN,MĘŻCZYZNA,4
MYKHAIL,MĘŻCZYZNA,4
FELIPE,MĘŻCZYZNA,4
JULIUS,MĘŻCZYZNA,4
RICHARD,MĘŻCZYZNA,4
ARTEMII,MĘŻCZYZNA,4
VALERII,MĘŻCZYZNA,4
ISTVÁN,MĘŻCZYZNA,4
EMILIO,MĘŻCZYZNA,4
ANDRIY,MĘŻCZYZNA,4
ABDULLAH,MĘŻCZYZNA,4
SEMYON,MĘŻCZYZNA,4
ELIAN,MĘŻCZYZNA,4
AKSEL,MĘŻCZYZNA,4
VSEVOLOD,MĘŻCZYZNA,4
DEMID,MĘŻCZYZNA,4
TOMAS,MĘŻCZYZNA,4
SAMI,MĘŻCZYZNA,4
ZAYN,MĘŻCZYZNA,4
AHMED,MĘŻCZYZNA,4
ANAS,MĘŻCZYZNA,4
ISAAC,MĘŻCZYZNA,3
DEMETRE,MĘŻCZYZNA,3
BOGUSZ,MĘŻCZYZNA,3
LUDWIG,MĘŻCZYZNA,3
ADAR,MĘŻCZYZNA,3
XAWERY,MĘŻCZYZNA,3
AIDAN,MĘŻCZYZNA,3
JAROMIR,MĘŻCZYZNA,3
NELSON,MĘŻCZYZNA,3
WALENTY,MĘŻCZYZNA,3
CHARLES,MĘŻCZYZNA,3
FREDERICK,MĘŻCZYZNA,3
VITO,MĘŻCZYZNA,3
MAKARIY,MĘŻCZYZNA,3
MARIO,MĘŻCZYZNA,3
TEMUR,MĘŻCZYZNA,3
VINCENTY,MĘŻCZYZNA,3
WAWRZYNIEC,MĘŻCZYZNA,3
BORIS,MĘŻCZYZNA,3
GABRIELE,MĘŻCZYZNA,3
ALISTAIR,MĘŻCZYZNA,3
ALEKSIEJ,MĘŻCZYZNA,3
HUGON,MĘŻCZYZNA,3
XAWIER,MĘŻCZYZNA,3
NIKOS,MĘŻCZYZNA,3
MICHEASZ,MĘŻCZYZNA,3
DIMA,MĘŻCZYZNA,3
BJORN,MĘŻCZYZNA,3
CASPER,MĘŻCZYZNA,3
PABLO,MĘŻCZYZNA,3
AKIM,MĘŻCZYZNA,3
OSMAN,MĘŻCZYZNA,3
SAMVEL,MĘŻCZYZNA,3
JOZEF,MĘŻCZYZNA,3
LIWIUSZ,MĘŻCZYZNA,3
JOSÉ,MĘŻCZYZNA,3
MARCJAN,MĘŻCZYZNA,3
MYLES,MĘŻCZYZNA,3
ARNE,MĘŻCZYZNA,3
MIHAIL,MĘŻCZYZNA,3
MOISE,MĘŻCZYZNA,3
RONI,MĘŻCZYZNA,3
ROŚCISŁAW,MĘŻCZYZNA,3
JAVIER,MĘŻCZYZNA,3
BONIFACY,MĘŻCZYZNA,3
TONY,MĘŻCZYZNA,3
JOHN,MĘŻCZYZNA,3
YELYSEI,MĘŻCZYZNA,3
JANEK,MĘŻCZYZNA,3
DANILA,MĘŻCZYZNA,3
IGO,MĘŻCZYZNA,3
CONSTANTINE,MĘŻCZYZNA,3
ŚWIATOSŁAW,MĘŻCZYZNA,3
FINLEY,MĘŻCZYZNA,3
NESTOR,MĘŻCZYZNA,3
MOHAMED,MĘŻCZYZNA,3
DENIZ,MĘŻCZYZNA,3
AUSTIN,MĘŻCZYZNA,3
FRANCO,MĘŻCZYZNA,3
VENIAMIN,MĘŻCZYZNA,3
ANGELO,MĘŻCZYZNA,3
GIUSEPPE,MĘŻCZYZNA,3
YAROSLAW,MĘŻCZYZNA,3
DYMITR,MĘŻCZYZNA,3
AMIN,MĘŻCZYZNA,3
GERALT,MĘŻCZYZNA,3
MIKE,MĘŻCZYZNA,3
NIKOLAOS,MĘŻCZYZNA,3
KRISHIV,MĘŻCZYZNA,3
LÉON,MĘŻCZYZNA,3
RATMIR,MĘŻCZYZNA,3
OLES,MĘŻCZYZNA,3
KSAVIER,MĘŻCZYZNA,3
KHALID,MĘŻCZYZNA,3
ALESSANDRO,MĘŻCZYZNA,3
ARTEMIY,MĘŻCZYZNA,3
JOSEPH,MĘŻCZYZNA,3
KRYSPIN,MĘŻCZYZNA,3
ARES,MĘŻCZYZNA,3
DANIIŁ,MĘŻCZYZNA,3
BEN,MĘŻCZYZNA,3
DEVID,MĘŻCZYZNA,3
MYCHAILO,MĘŻCZYZNA,3
ALIM,MĘŻCZYZNA,3
LAURENT,MĘŻCZYZNA,3
JOSEF,MĘŻCZYZNA,3
AREN,MĘŻCZYZNA,3
IGNAT,MĘŻCZYZNA,3
DMITRII,MĘŻCZYZNA,3
ZAYAN,MĘŻCZYZNA,3
KOSTEK,MĘŻCZYZNA,3
VITOLD,MĘŻCZYZNA,3
SANTINO,MĘŻCZYZNA,3
KAAN,MĘŻCZYZNA,3
RADMIR,MĘŻCZYZNA,3
GIOVANNI,MĘŻCZYZNA,3
APOLONIUSZ,MĘŻCZYZNA,3
LEONIDAS,MĘŻCZYZNA,3
SAM,MĘŻCZYZNA,3
EMIN,MĘŻCZYZNA,3
ALLAN,MĘŻCZYZNA,3
ANDRIJ,MĘŻCZYZNA,3
RAJAN,MĘŻCZYZNA,3
ZLATAN,MĘŻCZYZNA,3
ILIAS,MĘŻCZYZNA,3
FEDERICO,MĘŻCZYZNA,3
FRANKIE,MĘŻCZYZNA,3
SAMBOR,MĘŻCZYZNA,3
SAMUIL,MĘŻCZYZNA,3
NOA,MĘŻCZYZNA,3
ANDRIA,MĘŻCZYZNA,3
JORDAN,MĘŻCZYZNA,3
SWIATOSŁAW,MĘŻCZYZNA,3
HENRIK,MĘŻCZYZNA,3
ILAY,MĘŻCZYZNA,3
SELIM,MĘŻCZYZNA,3
MUSTAFA,MĘŻCZYZNA,3
ALBIN,MĘŻCZYZNA,3
BALTAZAR,MĘŻCZYZNA,3
GEORGE,MĘŻCZYZNA,3
ORLANDO,MĘŻCZYZNA,3
ARAM,MĘŻCZYZNA,3
RICARDO,MĘŻCZYZNA,3
LIUBOMIR,MĘŻCZYZNA,3
MYCHAJŁO,MĘŻCZYZNA,3
MIŁOSŁAW,MĘŻCZYZNA,3
RADEK,MĘŻCZYZNA,3
MARKIAN,MĘŻCZYZNA,3
MICHAIŁ,MĘŻCZYZNA,3
MIŁOWIT,MĘŻCZYZNA,3
UMAR,MĘŻCZYZNA,3
YAQUB,MĘŻCZYZNA,2
CZAREK,MĘŻCZYZNA,2
AREK,MĘŻCZYZNA,2
SAMSON,MĘŻCZYZNA,2
RUBIN,MĘŻCZYZNA,2
JUAN,MĘŻCZYZNA,2
AYAN,MĘŻCZYZNA,2
CEZAR,MĘŻCZYZNA,2
JURAND,MĘŻCZYZNA,2
SYMEON,MĘŻCZYZNA,2
MONTE,MĘŻCZYZNA,2
MASSIMO,MĘŻCZYZNA,2
IOANNIS,MĘŻCZYZNA,2
RICCARDO,MĘŻCZYZNA,2
IGNATIUS,MĘŻCZYZNA,2
MIHAEL,MĘŻCZYZNA,2
LEWKO,MĘŻCZYZNA,2
TSIMAFEI,MĘŻCZYZNA,2
TIMOFII,MĘŻCZYZNA,2
VIACHESLAV,MĘŻCZYZNA,2
SABA,MĘŻCZYZNA,2
RAMAN,MĘŻCZYZNA,2
FEDIR,MĘŻCZYZNA,2
TADEY,MĘŻCZYZNA,2
DRAGOMIR,MĘŻCZYZNA,2
YAMAN,MĘŻCZYZNA,2
LOUIE,MĘŻCZYZNA,2
GORDEY,MĘŻCZYZNA,2
ARLO,MĘŻCZYZNA,2
MARVIN,MĘŻCZYZNA,2
LAURA,MĘŻCZYZNA,2
DANYAL,MĘŻCZYZNA,2
ADEM,MĘŻCZYZNA,2
DILAN,MĘŻCZYZNA,2
ALESSIO,MĘŻCZYZNA,2
EFE,MĘŻCZYZNA,2
JUSTIN,MĘŻCZYZNA,2
GIA HUY,MĘŻCZYZNA,2
EMMANUIL,MĘŻCZYZNA,2
MURAD,MĘŻCZYZNA,2
CORNEL,MĘŻCZYZNA,2
RENAT,MĘŻCZYZNA,2
ABRAM,MĘŻCZYZNA,2
AVENIR,MĘŻCZYZNA,2
STANISLAS,MĘŻCZYZNA,2
SALWIN,MĘŻCZYZNA,2
SIGSTEN,MĘŻCZYZNA,2
ALEXANDROS,MĘŻCZYZNA,2
LUCIANO,MĘŻCZYZNA,2
ILJA,MĘŻCZYZNA,2
GABRIELI,MĘŻCZYZNA,2
OCTAVIO,MĘŻCZYZNA,2
SHIO,MĘŻCZYZNA,2
MICHELE,MĘŻCZYZNA,2
NHAT ANH,MĘŻCZYZNA,2
AYAZ,MĘŻCZYZNA,2
MASON,MĘŻCZYZNA,2
TEON,MĘŻCZYZNA,2
DMYTRII,MĘŻCZYZNA,2
YUSIF,MĘŻCZYZNA,2
DUC AN,MĘŻCZYZNA,2
MEHMET,MĘŻCZYZNA,2
PHILLIP,MĘŻCZYZNA,2
ONUFRY,MĘŻCZYZNA,2
SETH,MĘŻCZYZNA,2
TEODORO,MĘŻCZYZNA,2
OLLIE,MĘŻCZYZNA,2
FÉLIX,MĘŻCZYZNA,2
KYLIAN,MĘŻCZYZNA,2
KEREM,MĘŻCZYZNA,2
HARALD,MĘŻCZYZNA,2
SERAFIM,MĘŻCZYZNA,2
PHOENIX,MĘŻCZYZNA,2
DANI,MĘŻCZYZNA,2
TEOMAN,MĘŻCZYZNA,2
ARDEN,MĘŻCZYZNA,2
UMUT,MĘŻCZYZNA,2
HARIS,MĘŻCZYZNA,2
ANTONIJ,MĘŻCZYZNA,2
DANIŁO,MĘŻCZYZNA,2
ARI,MĘŻCZYZNA,2
ARSENIUSZ,MĘŻCZYZNA,2
LOTAR,MĘŻCZYZNA,2
MINH QUAN,MĘŻCZYZNA,2
ANATOLII,MĘŻCZYZNA,2
MAKSIMILIAN,MĘŻCZYZNA,2
ISA,MĘŻCZYZNA,2
DARIUS,MĘŻCZYZNA,2
OZAN,MĘŻCZYZNA,2
ROSTISLAV,MĘŻCZYZNA,2
ANDRIEJ,MĘŻCZYZNA,2
ARTURO,MĘŻCZYZNA,2
LENNY,MĘŻCZYZNA,2
MATTIA,MĘŻCZYZNA,2
ZAWISZA,MĘŻCZYZNA,2
STANLEY,MĘŻCZYZNA,2
GURBAAZ,MĘŻCZYZNA,2
MIKHAL,MĘŻCZYZNA,2
YAKUB,MĘŻCZYZNA,2
ILARION,MĘŻCZYZNA,2
PHILIPP,MĘŻCZYZNA,2
JURA,MĘŻCZYZNA,2
EVGENI,MĘŻCZYZNA,2
SAVELII,MĘŻCZYZNA,2
MACIEK,MĘŻCZYZNA,2
KARLO,MĘŻCZYZNA,2
LIVIO,MĘŻCZYZNA,2
HUSEYN,MĘŻCZYZNA,2
TOMMASO,MĘŻCZYZNA,2
ORHAN,MĘŻCZYZNA,2
STASZEK,MĘŻCZYZNA,2
WOLFGANG,MĘŻCZYZNA,2
DMITRIY,MĘŻCZYZNA,2
OKTAWIUSZ,MĘŻCZYZNA,2
GERALD,MĘŻCZYZNA,2
SANDRO,MĘŻCZYZNA,2
MATWEY,MĘŻCZYZNA,2
JOSZKO,MĘŻCZYZNA,2
LINUS,MĘŻCZYZNA,2
THYMON,MĘŻCZYZNA,2
WALTER,MĘŻCZYZNA,2
TOMA,MĘŻCZYZNA,2
OSTIN,MĘŻCZYZNA,2
CHRISTOPHE,MĘŻCZYZNA,2
ERNESTO,MĘŻCZYZNA,2
MYCHAJLO,MĘŻCZYZNA,2
MUHAMMAD ALI,MĘŻCZYZNA,2
YASSINE,MĘŻCZYZNA,2
FERDINAND,MĘŻCZYZNA,2
LEONE,MĘŻCZYZNA,2
ATLAS,MĘŻCZYZNA,2
LUCIAN,MĘŻCZYZNA,2
JULEN,MĘŻCZYZNA,2
ELVIS,MĘŻCZYZNA,2
MILANO,MĘŻCZYZNA,2
ARHAM,MĘŻCZYZNA,2
ADRIANO,MĘŻCZYZNA,2
CARLO,MĘŻCZYZNA,2
NASIM,MĘŻCZYZNA,2
QUENTIN,MĘŻCZYZNA,2
NICOLAI,MĘŻCZYZNA,2
KONSTIANTYN,MĘŻCZYZNA,2
ALWARO,MĘŻCZYZNA,2
DAMAZY,MĘŻCZYZNA,2
NIKOLAY,MĘŻCZYZNA,2
RUSTAM,MĘŻCZYZNA,2
TYLER,MĘŻCZYZNA,2
TIKHON,MĘŻCZYZNA,2
ARIS,MĘŻCZYZNA,2
LUKYAN,MĘŻCZYZNA,2
DÁNIEL,MĘŻCZYZNA,2
TIMOFEJ,MĘŻCZYZNA,2
ARYAN,MĘŻCZYZNA,2
AVRAM,MĘŻCZYZNA,2
LAURENTY,MĘŻCZYZNA,2
MARTYN,MĘŻCZYZNA,2
ALBERTO,MĘŻCZYZNA,2
MÁRKÓ,MĘŻCZYZNA,2
CASPIAN,MĘŻCZYZNA,2
SERGII,MĘŻCZYZNA,2
ALIAKSEI,MĘŻCZYZNA,2
GRANT,MĘŻCZYZNA,2
DEMJAN,MĘŻCZYZNA,2
HLEB,MĘŻCZYZNA,2
ANDY,MĘŻCZYZNA,2
GEORGII,MĘŻCZYZNA,2
MIKOLAY,MĘŻCZYZNA,2
SERGEY,MĘŻCZYZNA,2
RAKAN,MĘŻCZYZNA,2
MARSEILLE,MĘŻCZYZNA,2
ASİL,MĘŻCZYZNA,2
GABRIELIUS,MĘŻCZYZNA,2
MARTSIN,MĘŻCZYZNA,2
DAVI,MĘŻCZYZNA,2
THÉO,MĘŻCZYZNA,2
SANI,MĘŻCZYZNA,2
TYMEK,MĘŻCZYZNA,2
BAO NAM,MĘŻCZYZNA,2
MIKAIL,MĘŻCZYZNA,2
SAMAR,MĘŻCZYZNA,2
AGUSTIN,MĘŻCZYZNA,2
LUIGI,MĘŻCZYZNA,2
SHIVANSH,MĘŻCZYZNA,2
ASADULLAH,MĘŻCZYZNA,2
REECE,MĘŻCZYZNA,2
MYKOLAI,MĘŻCZYZNA,2
RAFAELL,MĘŻCZYZNA,2
FERNANDO,MĘŻCZYZNA,2
IGNACIO,MĘŻCZYZNA,2
VIGGO,MĘŻCZYZNA,2
DACHI,MĘŻCZYZNA,2
LUKASH,MĘŻCZYZNA,2
YEFREM,MĘŻCZYZNA,2
MATTHIAS,MĘŻCZYZNA,2
TOBIÁŠ,MĘŻCZYZNA,2
MIGEL,MĘŻCZYZNA,2
RAPHAEL,MĘŻCZYZNA,2
ATANAZY,MĘŻCZYZNA,2
SAVA,MĘŻCZYZNA,2
ALIAKSANDR,MĘŻCZYZNA,2
HILARY,MĘŻCZYZNA,2
LEWI,MĘŻCZYZNA,2
MAJKEL,MĘŻCZYZNA,2
ARTIOM,MĘŻCZYZNA,2
EGE,MĘŻCZYZNA,2
JÁN,MĘŻCZYZNA,2
MIRASLAU,MĘŻCZYZNA,2
AMADEO,MĘŻCZYZNA,2
MARKOS,MĘŻCZYZNA,2
DAMINIK,MĘŻCZYZNA,2
BOŻYDAR,MĘŻCZYZNA,2
VITALI,MĘŻCZYZNA,2
ILAI,MĘŻCZYZNA,2
ANDRE,MĘŻCZYZNA,2
ZACK,MĘŻCZYZNA,2
COSMO,MĘŻCZYZNA,2
ORION,MĘŻCZYZNA,2
WALENTINO,MĘŻCZYZNA,2
OKTAVIAN,MĘŻCZYZNA,2
EZEKIEL,MĘŻCZYZNA,2
PRZEMEK,MĘŻCZYZNA,2
KRISTOFER,MĘŻCZYZNA,2
HUNTER,MĘŻCZYZNA,2
LEONEL,MĘŻCZYZNA,2
CAMERON,MĘŻCZYZNA,2
KLIMEK,MĘŻCZYZNA,2
MATHIAS,MĘŻCZYZNA,2
IOANE,MĘŻCZYZNA,2
FLORENTY,MĘŻCZYZNA,2
MIKO,MĘŻCZYZNA,2
DARIY,MĘŻCZYZNA,2
WILHELM,MĘŻCZYZNA,2
HALID,MĘŻCZYZNA,2
YANIS,MĘŻCZYZNA,2
ANGEL,MĘŻCZYZNA,2
ELISEI,MĘŻCZYZNA,2
JON,MĘŻCZYZNA,2
FLAVIO,MĘŻCZYZNA,2
DEYAN,MĘŻCZYZNA,2
SZARBEL,MĘŻCZYZNA,2
